{
  "prediction": "fake",
  "confidence": 0.9997555613517761,
  "tokens": [
    "<s>",
    "The",
    "\u0120government",
    "\u0120announced",
    "\u0120a",
    "\u0120new",
    "\u0120policy",
    "\u0120today",
    "\u0120that",
    "\u0120changes",
    "\u0120tax",
    "\u0120regulations",
    ".",
    "</s>"
  ],
  "values": [
    0.2,
    0.27272727272727276,
    0.34545454545454546,
    0.4181818181818182,
    0.49090909090909096,
    0.5636363636363637,
    0.6363636363636365,
    0.7090909090909092,
    0.781818181818182,
    0.8545454545454547,
    0.9272727272727275,
    1.0
  ],
  "label_index": 0
}