{
  "prediction": "fake",
  "confidence": 0.9993162155151367,
  "tokens": [
    "<s>",
    "The",
    "\u0120Federal",
    "\u0120Reserve",
    "\u0120announced",
    "\u0120it",
    "\u0120would",
    "\u0120maintain",
    "\u0120interest",
    "\u0120rates",
    "\u0120at",
    "\u0120the",
    "\u0120current",
    "\u0120level",
    ".",
    "</s>"
  ],
  "values": [
    0.2,
    0.26153846153846155,
    0.3230769230769231,
    0.38461538461538464,
    0.4461538461538462,
    0.5076923076923077,
    0.5692307692307692,
    0.6307692307692307,
    0.6923076923076923,
    0.7538461538461538,
    0.8153846153846154,
    0.8769230769230769,
    0.9384615384615385,
    1.0
  ],
  "label_index": 0
}