{
  "prediction": "fake",
  "confidence": 0.9986706972122192,
  "tokens": [
    "<s>",
    "NASA",
    "\u0120Per",
    "sever",
    "ance",
    "\u0120rover",
    "\u0120successfully",
    "\u0120collected",
    "\u0120rock",
    "\u0120samples",
    "\u0120from",
    "\u0120Je",
    "zero",
    "\u0120Cr",
    "ater",
    "\u0120on",
    "\u0120Mars",
    ".",
    "</s>"
  ],
  "values": [
    0.2,
    0.25,
    0.30000000000000004,
    0.35000000000000003,
    0.4,
    0.45,
    0.5,
    0.55,
    0.6000000000000001,
    0.65,
    0.7,
    0.75,
    0.8,
    0.8500000000000001,
    0.9000000000000001,
    0.95,
    1.0
  ],
  "label_index": 0
}