{
  "prediction": "real",
  "confidence": 0.9994603991508484,
  "tokens": [
    "<s>",
    "WASHINGTON",
    "\u0120(",
    "Reuters",
    ")",
    "\u0120-",
    "\u0120U",
    ".",
    "S",
    ".",
    "\u0120President",
    "\u0120Donald",
    "\u0120Trump",
    "\u0120removed",
    "\u0120his",
    "\u0120chief",
    "\u0120strategist",
    "\u0120Steve",
    "\u0120Bannon",
    "\u0120from",
    "\u0120the",
    "\u0120National",
    "\u0120Security",
    "\u0120Council",
    "\u0120on",
    "\u0120Wednesday",
    ".",
    "\u0120The",
    "\u0120White",
    "\u0120House",
    "\u0120said",
    "\u0120the",
    "\u0120change",
    "\u0120was",
    "\u0120part",
    "\u0120of",
    "\u0120a",
    "\u0120routine",
    "\u0120restructuring",
    "\u0120to",
    "\u0120improve",
    "\u0120coordination",
    "\u0120of",
    "\u0120foreign",
    "\u0120policy",
    "\u0120and",
    "\u0120national",
    "\u0120security",
    "\u0120decisions",
    ".",
    "</s>"
  ],
  "values": [
    0.2,
    0.21666666666666667,
    0.23333333333333334,
    0.25,
    0.26666666666666666,
    0.2833333333333333,
    0.30000000000000004,
    0.31666666666666665,
    0.33333333333333337,
    0.35,
    0.3666666666666667,
    0.3833333333333333,
    0.4,
    0.4166666666666667,
    0.43333333333333335,
    0.45,
    0.4666666666666667,
    0.48333333333333334,
    0.5,
    0.5166666666666666,
    0.5333333333333333,
    0.55,
    0.5666666666666667,
    0.5833333333333333,
    0.6000000000000001,
    0.6166666666666667,
    0.6333333333333333,
    0.65,
    0.6666666666666667,
    0.6833333333333333,
    0.7,
    0.7166666666666666,
    0.7333333333333334,
    0.75,
    0.7666666666666666,
    0.7833333333333334,
    0.8,
    0.8166666666666667,
    0.8333333333333333,
    0.8500000000000001,
    0.8666666666666667,
    0.8833333333333333,
    0.8999999999999999,
    0.9166666666666667,
    0.9333333333333333,
    0.95,
    0.9666666666666666,
    0.9833333333333334,
    1.0
  ],
  "label_index": 1
}