{
  "accuracy": 0.9991299808595789,
  "precision": 0.9996162701458173,
  "recall": 0.9984668455346877,
  "f1": 0.9990412272291467,
  "confusion_matrix": [
    [
      2605,
      4
    ],
    [
      1,
      3137
    ]
  ]
}