model,accuracy,precision,recall,f1
baseline,0.9912998085957891,0.9938247780779622,0.9869681870448448,0.9903846153846154
roberta-base,0.9991299808595789,0.9987265202164916,0.9996813256851498,0.9992036948558688
